坪數,屋齡,房間數,樓層,捷運距離公尺,學校距離公尺,有車位,行政區_台北市信義區,行政區_台北市大安區,行政區_台南市東區,行政區_新北市新店區,行政區_新北市板橋區,行政區_桃園市中壢區,行政區_高雄市左營區
59.3,23,5,15,1267,1540,1,True,False,False,False,False,False,False
34.5,29,3,9,1209,347,0,False,False,False,False,False,False,False
40.9,17,4,1,1885,788,1,False,False,False,True,False,False,False
29.0,26,2,24,278,1544,1,False,False,True,False,False,False,False
46.7,33,4,22,132,375,0,False,False,False,False,False,True,False
58.0,5,5,8,1242,1267,1,False,False,False,False,False,False,False
31.1,31,3,24,977,1280,1,False,False,False,True,False,False,False
49.8,11,4,13,2431,100,1,False,False,True,False,False,False,False
51.3,8,3,2,1223,698,1,False,True,False,False,False,False,False
43.9,40,4,23,1581,193,0,True,False,False,False,False,False,False
22.8,0,2,16,2451,1002,1,False,False,False,False,False,False,True
26.9,6,2,14,1865,1056,1,False,False,True,False,False,False,False
65.0,17,4,25,2460,1063,0,False,True,False,False,False,False,False
22.4,7,1,21,1990,1120,0,False,False,True,False,False,False,False
23.7,14,2,1,362,1234,1,False,False,False,False,False,False,True
35.1,2,3,22,1565,1465,0,False,False,False,False,False,True,False
54.3,5,4,13,1053,1028,1,False,False,False,True,False,False,False
50.8,21,4,7,1238,309,1,False,False,False,False,True,False,False
34.0,38,2,17,1231,275,0,False,False,False,False,False,True,False
22.3,3,2,21,549,1722,0,False,False,False,False,False,False,True
37.5,13,4,25,1820,1524,1,False,False,False,False,False,False,True
56.6,6,5,21,1875,1548,1,False,False,True,False,False,False,False
43.0,36,4,6,837,1348,0,False,False,False,True,False,False,False
46.9,34,5,14,2080,649,1,False,False,False,False,False,True,False
46.5,39,5,15,1024,708,1,False,False,True,False,False,False,False
36.6,12,3,4,411,1501,1,False,False,True,False,False,False,False
62.4,9,4,12,2334,1231,1,True,False,False,False,False,False,False
41.8,26,4,23,1436,1235,1,False,False,False,False,False,True,False
41.4,37,3,15,686,1041,1,False,False,False,True,False,False,False
58.7,0,5,14,2322,484,0,False,False,True,False,False,False,False
44.5,13,4,25,2004,443,1,True,False,False,False,False,False,False
34.6,35,3,8,1764,1738,0,True,False,False,False,False,False,False
44.7,3,4,21,506,641,0,False,False,False,False,False,True,False
18.4,3,2,25,2134,1343,0,False,False,False,False,False,True,False
29.3,15,1,3,2423,1771,1,False,False,False,False,False,True,False
64.9,5,4,25,1877,1008,0,False,False,False,False,False,True,False
34.3,27,2,17,1617,125,1,False,True,False,False,False,False,False
27.0,38,2,3,2181,1682,1,False,False,True,False,False,False,False
41.2,20,4,7,844,1733,1,False,True,False,False,False,False,False
19.2,17,2,5,1103,1485,0,True,False,False,False,False,False,False
64.0,34,5,22,615,1225,1,True,False,False,False,False,False,False
36.0,2,3,7,2027,816,1,True,False,False,False,False,False,False
29.8,3,3,9,478,107,0,False,False,False,False,False,False,True
25.6,28,3,18,2359,329,0,False,False,False,False,False,True,False
32.8,34,3,7,858,666,1,False,False,False,True,False,False,False
20.2,3,2,12,1301,398,1,False,True,False,False,False,False,False
20.7,37,2,2,2052,264,1,False,False,False,False,False,False,False
29.5,0,3,8,536,1746,0,False,False,True,False,False,False,False
61.1,11,5,21,2497,286,1,False,False,False,False,False,False,True
36.1,9,2,5,2128,1308,1,False,False,True,False,False,False,False
40.4,22,4,14,1323,1630,1,False,False,True,False,False,False,False
63.3,34,5,13,923,997,1,False,False,True,False,False,False,False
62.8,40,4,20,2098,580,0,False,False,True,False,False,False,False
54.6,10,4,19,1374,738,0,True,False,False,False,False,False,False
37.5,40,3,23,2457,1112,1,False,False,False,False,False,False,True
56.6,18,5,5,1322,1203,1,False,False,False,False,False,True,False
50.6,13,5,14,363,1211,1,False,False,True,False,False,False,False
57.5,8,4,13,2287,1255,1,False,False,False,False,True,False,False
19.8,38,2,24,1879,993,1,False,False,False,False,False,True,False
35.1,4,3,22,1452,1574,0,False,False,False,True,False,False,False
34.7,17,3,18,392,434,0,False,False,False,False,False,False,False
50.4,29,4,13,1337,318,1,False,False,True,False,False,False,False
53.3,40,5,21,1235,662,0,False,False,False,False,False,True,False
38.0,34,3,9,1020,246,0,False,False,False,True,False,False,False
64.1,12,5,12,1313,719,0,False,False,False,False,False,True,False
35.9,29,3,18,2267,1493,0,False,False,True,False,False,False,False
19.5,5,2,17,995,154,1,False,False,True,False,False,False,False
49.7,15,3,19,1753,1285,0,True,False,False,False,False,False,False
35.9,22,3,2,1508,1198,1,True,False,False,False,False,False,False
25.8,31,2,13,2071,437,0,False,False,False,True,False,False,False
51.7,34,4,15,1818,669,1,False,False,False,True,False,False,False
26.7,3,3,4,1134,920,0,False,False,False,False,False,False,False
38.6,29,4,9,1345,1205,1,False,False,False,False,False,True,False
55.8,25,4,7,1196,1570,1,False,True,False,False,False,False,False
25.2,10,1,20,2309,1100,1,False,False,False,True,False,False,False
62.7,28,5,18,2167,425,1,False,False,False,False,False,False,False
21.6,18,2,11,1060,1206,1,False,False,False,False,False,False,True
47.3,31,3,7,1910,1224,1,False,False,False,False,False,False,False
63.7,11,4,21,2179,1408,1,False,False,False,False,False,True,False
35.9,22,3,23,2454,144,1,False,False,False,True,False,False,False
47.2,36,3,18,509,1136,0,False,False,False,False,False,False,True
50.0,34,4,4,1192,990,1,True,False,False,False,False,False,False
22.7,29,2,14,162,253,0,False,False,False,False,False,False,True
21.9,27,3,6,655,632,0,False,True,False,False,False,False,False
49.0,18,4,3,2211,1477,0,False,False,False,False,True,False,False
56.2,35,5,3,250,616,1,False,False,True,False,False,False,False
31.5,27,3,15,2475,1005,1,False,False,False,False,False,True,False
38.6,38,4,24,263,1336,1,False,False,False,False,False,False,True
28.0,31,3,5,1720,385,1,False,False,False,False,False,False,False
36.1,36,3,2,878,103,1,True,False,False,False,False,False,False
50.5,31,3,3,1935,553,1,False,False,False,True,False,False,False
25.1,36,1,8,1344,1242,0,False,True,False,False,False,False,False
37.5,30,3,15,2034,396,1,False,False,False,False,False,True,False
33.9,24,4,9,1239,1063,0,False,False,False,False,False,False,False
49.6,6,5,24,348,1739,1,False,True,False,False,False,False,False
35.8,40,3,22,2381,1673,1,False,False,False,False,False,False,True
