編號,行政區,坪數,屋齡,房間數,樓層,捷運距離公尺,學校距離公尺,有車位,房價萬元
1,台北市信義區,19.2,17,2,5,1103,1485,0,1534
2,台南市東區,19.5,5,2,17,995,154,1,580
3,新北市新店區,51.7,34,4,15,1818,669,1,2500
4,新北市板橋區,50.8,21,4,7,1238,309,1,2776
5,台北市信義區,35.9,22,3,2,1508,1198,1,3347
6,台北市信義區,43.9,40,4,23,1581,193,0,3902
7,新北市新店區,54.3,5,4,13,1053,1028,1,2779
8,台中市西屯區,34.7,17,3,18,392,434,0,1328
9,高雄市左營區,35.8,40,3,22,2381,1673,1,1087
10,台北市大安區,55.8,25,4,7,1196,1570,1,5159
11,台中市西屯區,28.0,31,3,5,1720,385,1,1061
12,桃園市中壢區,53.1,27,5,12,2490,383,0,1473
13,高雄市左營區,22.3,3,2,21,549,1722,0,727
14,台南市東區,35.9,29,3,18,2267,1493,0,598
15,台北市信義區,50.0,34,4,4,1192,990,1,4380
16,桃園市中壢區,63.7,11,4,21,2179,1408,1,1989
17,新北市新店區,25.2,10,1,20,2309,1100,1,1603
18,桃園市中壢區,29.3,15,1,3,2423,1771,1,825
19,台北市信義區,64.0,34,5,22,615,1225,1,5847
20,台南市東區,63.3,34,5,13,923,997,1,1844
21,高雄市左營區,23.7,14,2,1,362,1234,1,858
22,台北市信義區,51.3,3,3,2,1037,245,1,4805
23,新北市新店區,31.1,31,3,24,977,1280,1,1371
24,台南市東區,26.9,6,2,14,1865,1056,1,878
25,台北市大安區,49.6,6,5,24,348,1739,1,4997
26,新北市新店區,43.2,8,4,9,1828,611,1,2147
27,台北市信義區,38.8,35,2,21,501,130,1,3789
28,新北市新店區,25.8,31,2,13,2071,437,0,965
29,台南市東區,18.1,24,3,10,1186,1526,1,857
30,高雄市左營區,25.3,18,1,19,991,224,1,860
31,台中市西屯區,20.7,37,2,2,2052,264,1,701
32,台北市信義區,49.7,15,3,19,1753,1285,0,4315
33,台北市大安區,47.1,26,4,9,2490,1471,0,4149
34,台南市東區,24.2,19,2,25,1972,119,0,487
35,高雄市左營區,47.2,36,3,18,509,1136,0,1381
36,台北市信義區,59.3,23,5,15,1267,1540,1,5617
37,桃園市中壢區,46.7,33,4,22,132,375,0,1264
38,新北市板橋區,30.8,38,3,7,962,1135,1,1821
39,高雄市左營區,29.8,3,3,9,478,107,0,984
40,桃園市中壢區,25.6,28,3,18,2359,329,0,587
41,台北市信義區,62.4,9,4,12,2334,1231,1,5678
42,桃園市中壢區,35.1,2,3,22,1565,1465,0,1098
43,台北市信義區,34.6,35,3,8,1764,1738,0,2869
44,台北市大安區,26.4,21,2,9,1786,1712,0,2044
45,台北市信義區,36.0,2,3,7,2027,816,1,3237
46,新北市新店區,28.5,12,2,9,1732,1683,0,1458
47,桃園市中壢區,34.5,32,3,1,1737,634,0,834
48,桃園市中壢區,19.8,38,2,24,1879,993,1,796
49,台北市信義區,36.1,36,3,2,878,103,1,2918
50,新北市新店區,35.1,4,3,22,1452,1574,0,1713
51,桃園市中壢區,41.8,26,4,23,1436,1235,1,1366
52,台南市東區,49.8,11,4,13,2431,100,1,1517
53,桃園市中壢區,31.5,27,3,15,2475,1005,1,793
54,新北市板橋區,49.0,18,4,3,2211,1477,0,2297
55,桃園市中壢區,28.6,12,1,2,703,1073,0,565
56,高雄市左營區,37.5,40,3,23,2457,1112,1,1011
57,台南市東區,29.5,0,3,8,536,1746,0,947
58,台北市大安區,44.2,7,4,15,1969,1244,1,4239
59,台中市西屯區,62.7,28,5,18,2167,425,1,2581
60,桃園市中壢區,53.3,40,5,21,1235,662,0,1222
61,高雄市左營區,21.6,18,2,11,1060,1206,1,827
62,台南市東區,50.6,13,5,14,363,1211,1,1577
63,高雄市左營區,37.5,13,4,25,1820,1524,1,1620
64,台南市東區,40.4,22,4,14,1323,1630,1,1160
65,新北市新店區,40.9,17,4,1,1885,788,1,1878
66,新北市板橋區,57.5,8,4,13,2287,1255,1,3015
67,台北市大安區,21.9,27,3,6,655,632,0,1816
68,台中市西屯區,33.9,24,4,9,1239,1063,0,1271
69,台北市大安區,53.2,3,4,21,1533,1699,0,5066
70,台北市大安區,62.6,12,5,8,183,1069,0,5870
71,台北市信義區,44.5,13,4,25,2004,443,1,3872
72,台北市信義區,54.6,10,4,19,1374,738,0,4670
73,台南市東區,36.6,12,3,4,411,1501,1,1041
74,台北市大安區,34.3,27,2,17,1617,125,1,3216
75,台南市東區,56.6,6,5,21,1875,1548,1,1748
76,桃園市中壢區,46.9,34,5,14,2080,649,1,1356
77,台中市西屯區,58.0,5,5,8,1242,1267,1,2439
78,台北市大安區,41.2,20,4,7,844,1733,1,3836
79,桃園市中壢區,34.0,38,2,17,1231,275,0,783
80,新北市新店區,50.5,31,3,3,1935,553,1,2501
81,台南市東區,50.5,19,4,16,2482,1187,1,1159
82,台中市西屯區,34.5,29,3,9,1209,347,0,1557
83,新北市新店區,32.8,34,3,7,858,666,1,1507
84,桃園市中壢區,64.1,12,5,12,1313,719,0,1493
85,台北市大安區,51.3,8,3,2,1223,698,1,4902
86,高雄市左營區,22.8,0,2,16,2451,1002,1,825
87,台中市西屯區,26.7,3,3,4,1134,920,0,881
88,台北市大安區,25.1,36,1,8,1344,1242,0,2083
89,台南市東區,46.5,39,5,15,1024,708,1,1456
90,桃園市中壢區,44.7,3,4,21,506,641,0,1122
91,台北市信義區,25.4,11,1,6,2360,936,0,1931
92,桃園市中壢區,19.5,18,3,3,1258,641,0,438
93,新北市新店區,38.0,34,3,9,1020,246,0,1848
94,桃園市中壢區,38.6,29,4,9,1345,1205,1,1162
95,高雄市左營區,38.6,38,4,24,263,1336,1,1328
96,台北市大安區,65.0,17,4,25,2460,1063,0,6090
97,高雄市左營區,61.1,11,5,21,2497,286,1,2030
98,台中市西屯區,49.5,10,5,23,1450,690,1,2249
99,台南市東區,56.2,35,5,3,250,616,1,1358
100,台南市東區,58.7,0,5,14,2322,484,0,1864
101,台中市西屯區,47.3,31,3,7,1910,1224,1,1920
102,高雄市左營區,23.7,40,2,10,1080,128,1,771
103,台南市東區,22.4,7,1,21,1990,1120,0,653
104,桃園市中壢區,37.5,30,3,15,2034,396,1,1014
105,台南市東區,27.0,38,2,3,2181,1682,1,554
106,桃園市中壢區,56.6,18,5,5,1322,1203,1,1558
107,高雄市左營區,34.2,35,4,15,2325,486,1,1127
108,台南市東區,29.0,26,2,24,278,1544,1,896
109,台南市東區,36.1,9,2,5,2128,1308,1,977
110,高雄市左營區,22.7,29,2,14,162,253,0,686
111,高雄市左營區,54.7,16,5,21,1486,772,0,1912
112,台南市東區,62.8,40,4,20,2098,580,0,1271
113,桃園市中壢區,64.9,5,4,25,1877,1008,0,1980
114,台北市大安區,20.2,3,2,12,1301,398,1,2152
115,新北市新店區,43.0,36,4,6,837,1348,0,1972
116,新北市新店區,41.4,37,3,15,686,1041,1,1898
117,桃園市中壢區,49.3,29,4,3,1278,807,1,1482
118,台南市東區,50.4,29,4,13,1337,318,1,1372
119,新北市新店區,35.9,22,3,23,2454,144,1,1983
120,桃園市中壢區,18.4,3,2,25,2134,1343,0,502
