編號,坪數,屋齡,房間數,樓層,捷運距離公尺,學校距離公尺,有車位,房價萬元,行政區_台北市信義區,行政區_台北市大安區,行政區_台南市東區,行政區_新北市新店區,行政區_新北市板橋區,行政區_桃園市中壢區,行政區_高雄市左營區
1,19.2,17,2,5,1103,1485,0,1534,True,False,False,False,False,False,False
2,19.5,5,2,17,995,154,1,580,False,False,True,False,False,False,False
3,51.7,34,4,15,1818,669,1,2500,False,False,False,True,False,False,False
4,50.8,21,4,7,1238,309,1,2776,False,False,False,False,True,False,False
5,35.9,22,3,2,1508,1198,1,3347,True,False,False,False,False,False,False
6,43.9,40,4,23,1581,193,0,3902,True,False,False,False,False,False,False
7,54.3,5,4,13,1053,1028,1,2779,False,False,False,True,False,False,False
8,34.7,17,3,18,392,434,0,1328,False,False,False,False,False,False,False
9,35.8,40,3,22,2381,1673,1,1087,False,False,False,False,False,False,True
10,55.8,25,4,7,1196,1570,1,5159,False,True,False,False,False,False,False
11,28.0,31,3,5,1720,385,1,1061,False,False,False,False,False,False,False
12,53.1,27,5,12,2490,383,0,1473,False,False,False,False,False,True,False
13,22.3,3,2,21,549,1722,0,727,False,False,False,False,False,False,True
14,35.9,29,3,18,2267,1493,0,598,False,False,True,False,False,False,False
15,50.0,34,4,4,1192,990,1,4380,True,False,False,False,False,False,False
16,63.7,11,4,21,2179,1408,1,1989,False,False,False,False,False,True,False
17,25.2,10,1,20,2309,1100,1,1603,False,False,False,True,False,False,False
18,29.3,15,1,3,2423,1771,1,825,False,False,False,False,False,True,False
19,64.0,34,5,22,615,1225,1,5847,True,False,False,False,False,False,False
20,63.3,34,5,13,923,997,1,1844,False,False,True,False,False,False,False
21,23.7,14,2,1,362,1234,1,858,False,False,False,False,False,False,True
22,51.3,3,3,2,1037,245,1,4805,True,False,False,False,False,False,False
23,31.1,31,3,24,977,1280,1,1371,False,False,False,True,False,False,False
24,26.9,6,2,14,1865,1056,1,878,False,False,True,False,False,False,False
25,49.6,6,5,24,348,1739,1,4997,False,True,False,False,False,False,False
26,43.2,8,4,9,1828,611,1,2147,False,False,False,True,False,False,False
27,38.8,35,2,21,501,130,1,3789,True,False,False,False,False,False,False
28,25.8,31,2,13,2071,437,0,965,False,False,False,True,False,False,False
29,18.1,24,3,10,1186,1526,1,857,False,False,True,False,False,False,False
30,25.3,18,1,19,991,224,1,860,False,False,False,False,False,False,True
31,20.7,37,2,2,2052,264,1,701,False,False,False,False,False,False,False
32,49.7,15,3,19,1753,1285,0,4315,True,False,False,False,False,False,False
33,47.1,26,4,9,2490,1471,0,4149,False,True,False,False,False,False,False
34,24.2,19,2,25,1972,119,0,487,False,False,True,False,False,False,False
35,47.2,36,3,18,509,1136,0,1381,False,False,False,False,False,False,True
36,59.3,23,5,15,1267,1540,1,5617,True,False,False,False,False,False,False
37,46.7,33,4,22,132,375,0,1264,False,False,False,False,False,True,False
38,30.8,38,3,7,962,1135,1,1821,False,False,False,False,True,False,False
39,29.8,3,3,9,478,107,0,984,False,False,False,False,False,False,True
40,25.6,28,3,18,2359,329,0,587,False,False,False,False,False,True,False
41,62.4,9,4,12,2334,1231,1,5678,True,False,False,False,False,False,False
42,35.1,2,3,22,1565,1465,0,1098,False,False,False,False,False,True,False
43,34.6,35,3,8,1764,1738,0,2869,True,False,False,False,False,False,False
44,26.4,21,2,9,1786,1712,0,2044,False,True,False,False,False,False,False
45,36.0,2,3,7,2027,816,1,3237,True,False,False,False,False,False,False
46,28.5,12,2,9,1732,1683,0,1458,False,False,False,True,False,False,False
47,34.5,32,3,1,1737,634,0,834,False,False,False,False,False,True,False
48,19.8,38,2,24,1879,993,1,796,False,False,False,False,False,True,False
49,36.1,36,3,2,878,103,1,2918,True,False,False,False,False,False,False
50,35.1,4,3,22,1452,1574,0,1713,False,False,False,True,False,False,False
51,41.8,26,4,23,1436,1235,1,1366,False,False,False,False,False,True,False
52,49.8,11,4,13,2431,100,1,1517,False,False,True,False,False,False,False
53,31.5,27,3,15,2475,1005,1,793,False,False,False,False,False,True,False
54,49.0,18,4,3,2211,1477,0,2297,False,False,False,False,True,False,False
55,28.6,12,1,2,703,1073,0,565,False,False,False,False,False,True,False
56,37.5,40,3,23,2457,1112,1,1011,False,False,False,False,False,False,True
57,29.5,0,3,8,536,1746,0,947,False,False,True,False,False,False,False
58,44.2,7,4,15,1969,1244,1,4239,False,True,False,False,False,False,False
59,62.7,28,5,18,2167,425,1,2581,False,False,False,False,False,False,False
60,53.3,40,5,21,1235,662,0,1222,False,False,False,False,False,True,False
61,21.6,18,2,11,1060,1206,1,827,False,False,False,False,False,False,True
62,50.6,13,5,14,363,1211,1,1577,False,False,True,False,False,False,False
63,37.5,13,4,25,1820,1524,1,1620,False,False,False,False,False,False,True
64,40.4,22,4,14,1323,1630,1,1160,False,False,True,False,False,False,False
65,40.9,17,4,1,1885,788,1,1878,False,False,False,True,False,False,False
66,57.5,8,4,13,2287,1255,1,3015,False,False,False,False,True,False,False
67,21.9,27,3,6,655,632,0,1816,False,True,False,False,False,False,False
68,33.9,24,4,9,1239,1063,0,1271,False,False,False,False,False,False,False
69,53.2,3,4,21,1533,1699,0,5066,False,True,False,False,False,False,False
70,62.6,12,5,8,183,1069,0,5870,False,True,False,False,False,False,False
71,44.5,13,4,25,2004,443,1,3872,True,False,False,False,False,False,False
72,54.6,10,4,19,1374,738,0,4670,True,False,False,False,False,False,False
73,36.6,12,3,4,411,1501,1,1041,False,False,True,False,False,False,False
74,34.3,27,2,17,1617,125,1,3216,False,True,False,False,False,False,False
75,56.6,6,5,21,1875,1548,1,1748,False,False,True,False,False,False,False
76,46.9,34,5,14,2080,649,1,1356,False,False,False,False,False,True,False
77,58.0,5,5,8,1242,1267,1,2439,False,False,False,False,False,False,False
78,41.2,20,4,7,844,1733,1,3836,False,True,False,False,False,False,False
79,34.0,38,2,17,1231,275,0,783,False,False,False,False,False,True,False
80,50.5,31,3,3,1935,553,1,2501,False,False,False,True,False,False,False
81,50.5,19,4,16,2482,1187,1,1159,False,False,True,False,False,False,False
82,34.5,29,3,9,1209,347,0,1557,False,False,False,False,False,False,False
83,32.8,34,3,7,858,666,1,1507,False,False,False,True,False,False,False
84,64.1,12,5,12,1313,719,0,1493,False,False,False,False,False,True,False
85,51.3,8,3,2,1223,698,1,4902,False,True,False,False,False,False,False
86,22.8,0,2,16,2451,1002,1,825,False,False,False,False,False,False,True
87,26.7,3,3,4,1134,920,0,881,False,False,False,False,False,False,False
88,25.1,36,1,8,1344,1242,0,2083,False,True,False,False,False,False,False
89,46.5,39,5,15,1024,708,1,1456,False,False,True,False,False,False,False
90,44.7,3,4,21,506,641,0,1122,False,False,False,False,False,True,False
91,25.4,11,1,6,2360,936,0,1931,True,False,False,False,False,False,False
92,19.5,18,3,3,1258,641,0,438,False,False,False,False,False,True,False
93,38.0,34,3,9,1020,246,0,1848,False,False,False,True,False,False,False
94,38.6,29,4,9,1345,1205,1,1162,False,False,False,False,False,True,False
95,38.6,38,4,24,263,1336,1,1328,False,False,False,False,False,False,True
96,65.0,17,4,25,2460,1063,0,6090,False,True,False,False,False,False,False
97,61.1,11,5,21,2497,286,1,2030,False,False,False,False,False,False,True
98,49.5,10,5,23,1450,690,1,2249,False,False,False,False,False,False,False
99,56.2,35,5,3,250,616,1,1358,False,False,True,False,False,False,False
100,58.7,0,5,14,2322,484,0,1864,False,False,True,False,False,False,False
101,47.3,31,3,7,1910,1224,1,1920,False,False,False,False,False,False,False
102,23.7,40,2,10,1080,128,1,771,False,False,False,False,False,False,True
103,22.4,7,1,21,1990,1120,0,653,False,False,True,False,False,False,False
104,37.5,30,3,15,2034,396,1,1014,False,False,False,False,False,True,False
105,27.0,38,2,3,2181,1682,1,554,False,False,True,False,False,False,False
106,56.6,18,5,5,1322,1203,1,1558,False,False,False,False,False,True,False
107,34.2,35,4,15,2325,486,1,1127,False,False,False,False,False,False,True
108,29.0,26,2,24,278,1544,1,896,False,False,True,False,False,False,False
109,36.1,9,2,5,2128,1308,1,977,False,False,True,False,False,False,False
110,22.7,29,2,14,162,253,0,686,False,False,False,False,False,False,True
111,54.7,16,5,21,1486,772,0,1912,False,False,False,False,False,False,True
112,62.8,40,4,20,2098,580,0,1271,False,False,True,False,False,False,False
113,64.9,5,4,25,1877,1008,0,1980,False,False,False,False,False,True,False
114,20.2,3,2,12,1301,398,1,2152,False,True,False,False,False,False,False
115,43.0,36,4,6,837,1348,0,1972,False,False,False,True,False,False,False
116,41.4,37,3,15,686,1041,1,1898,False,False,False,True,False,False,False
117,49.3,29,4,3,1278,807,1,1482,False,False,False,False,False,True,False
118,50.4,29,4,13,1337,318,1,1372,False,False,True,False,False,False,False
119,35.9,22,3,23,2454,144,1,1983,False,False,False,True,False,False,False
120,18.4,3,2,25,2134,1343,0,502,False,False,False,False,False,True,False
